"sampler","test","replications","elapsed","relative"
"mymala","R",3,5.415,123.068
"mymala","Rcpp",3,0.0440000000000005,1
"px.mala","R",3,3.648,84.837
"px.mala","Rcpp",3,0.0429999999999993,1
"mybarker","R",3,7.07,107.121
"mybarker","Rcpp",3,0.0660000000000025,1
"px.barker","R",3,5.252,80.8
"px.barker","Rcpp",3,0.0650000000000048,1
"barker","R",3,1.596,38
"barker","Rcpp",3,0.0419999999999945,1
"myhmc","R",3,19.604,72.074
"myhmc","Rcpp",3,0.271999999999998,1
"pxhmc","R",3,25.022,98.125
"pxhmc","Rcpp",3,0.254999999999995,1
